{
  "param_names": [
    "voicing",
    "tenseness",
    "place",
    "manner",
    "nasality",
    "lip_rounding",
    "vowel_height",
    "vowel_backness",
    "sibilance"
  ],
  "words": {
    "hello": [
      0.7660198211669922,
      0.47219476103782654,
      0.43127477169036865,
      0.403300940990448,
      0.20067472755908966,
      0.21939696371555328,
      0.5500909090042114,
      0.5358896851539612,
      0.1274336874485016
    ],
    "world": [
      0.5133423805236816,
      0.27361541986465454,
      0.6957679986953735,
      0.6507728695869446,
      0.6514956951141357,
      0.5122674107551575,
      0.439814031124115,
      0.6086971163749695,
      0.49718013405799866
    ],
    "cat": [
      0.23947212100028992,
      0.4327567517757416,
      0.4396437108516693,
      0.5116066932678223,
      0.38372310996055603,
      0.7636797428131104,
      0.7155858278274536,
      0.12446407973766327,
      0.24882008135318756
    ],
    "dog": [
      0.2718690037727356,
      0.39787882566452026,
      0.563340425491333,
      0.36583247780799866,
      0.3684771656990051,
      0.6402271389961243,
      0.8436943888664246,
      0.0842370092868805,
      0.2235141396522522
    ],
    "love": [
      0.44716835021972656,
      0.08055119216442108,
      0.7668721079826355,
      0.27540403604507446,
      0.6325408220291138,
      0.3020405173301697,
      0.30095645785331726,
      0.20432741940021515,
      0.33936843276023865
    ],
    "hate": [
      0.5175614356994629,
      0.201954647898674,
      0.7808696627616882,
      0.3008047342300415,
      0.25161027908325195,
      0.36593347787857056,
      0.4435232877731323,
      0.10964436829090118,
      0.4933473467826843
    ],
    "big": [
      0.5959939956665039,
      0.5570693016052246,
      0.39520585536956787,
      0.4695642292499542,
      0.10580140352249146,
      0.496019184589386,
      0.41949188709259033,
      0.3922257423400879,
      0.2712784707546234
    ],
    "small": [
      0.46730563044548035,
      0.4017793536186218,
      0.7197219133377075,
      0.42552778124809265,
      0.23779770731925964,
      0.5020568370819092,
      0.2400934249162674,
      0.6337854266166687,
      0.21588115394115448
    ],
    "hot": [
      0.2770359516143799,
      0.5168355703353882,
      0.8019745945930481,
      0.3048817217350006,
      0.1352549046278,
      0.506140410900116,
      0.2620628774166107,
      0.33271393179893494,
      0.07951141893863678
    ],
    "cold": [
      0.2695925533771515,
      0.34684404730796814,
      0.885585367679596,
      0.4580061435699463,
      0.1899649053812027,
      0.4687792658805847,
      0.2401268035173416,
      0.2994849681854248,
      0.07595524936914444
    ],
    "king": [
      0.6370694041252136,
      0.12486795336008072,
      0.5785462260246277,
      0.25720423460006714,
      0.49396100640296936,
      0.35117608308792114,
      0.6756457686424255,
      0.5437626838684082,
      0.7177515029907227
    ],
    "queen": [
      0.6674892902374268,
      0.13012878596782684,
      0.3484897315502167,
      0.14955845475196838,
      0.7188770174980164,
      0.4560321271419525,
      0.6131316423416138,
      0.5390682220458984,
      0.48119157552719116
    ],
    "man": [
      0.42582082748413086,
      0.503705620765686,
      0.5576725602149963,
      0.3566863536834717,
      0.5850553512573242,
      0.3260360360145569,
      0.7580780982971191,
      0.3374229073524475,
      0.47564736008644104
    ],
    "woman": [
      0.4658031165599823,
      0.3006747364997864,
      0.492078572511673,
      0.15700913965702057,
      0.5597405433654785,
      0.2035106122493744,
      0.6475250720977783,
      0.2614349126815796,
      0.30403733253479004
    ],
    "water": [
      0.24116632342338562,
      0.6798439025878906,
      0.817902684211731,
      0.4300069808959961,
      0.06534133106470108,
      0.6575552821159363,
      0.48321497440338135,
      0.5317357182502747,
      0.3079383969306946
    ],
    "fire": [
      0.4653225541114807,
      0.4923688471317291,
      0.8284773230552673,
      0.47430744767189026,
      0.10841431468725204,
      0.6813173890113831,
      0.618715763092041,
      0.4798293113708496,
      0.45534104108810425
    ],
    "yes": [
      0.7926802635192871,
      0.3972192108631134,
      0.5020869970321655,
      0.22793032228946686,
      0.2848842144012451,
      0.18482325971126556,
      0.5958483815193176,
      0.08866491168737411,
      0.12366251647472382
    ],
    "no": [
      0.5211927890777588,
      0.4094494879245758,
      0.6661516427993774,
      0.3910151720046997,
      0.31058719754219055,
      0.2595674395561218,
      0.3637954890727997,
      0.4282073676586151,
      0.38557469844818115
    ],
    "happy": [
      0.49802568554878235,
      0.0956772118806839,
      0.7536868453025818,
      0.25199103355407715,
      0.5605056285858154,
      0.25236889719963074,
      0.3811921179294586,
      0.32073286175727844,
      0.1264192909002304
    ],
    "sad": [
      0.39377596974372864,
      0.09629327803850174,
      0.7769997119903564,
      0.40257275104522705,
      0.4135945737361908,
      0.2234095335006714,
      0.408536821603775,
      0.15911607444286346,
      0.19010476768016815
    ],
    "run": [
      0.556000828742981,
      0.40872976183891296,
      0.6526824831962585,
      0.4224298298358917,
      0.08276573568582535,
      0.23344632983207703,
      0.4756190776824951,
      0.5089648962020874,
      0.12278881669044495
    ],
    "walk": [
      0.481311559677124,
      0.22388294339179993,
      0.4913824498653412,
      0.35506191849708557,
      0.39510348439216614,
      0.42242327332496643,
      0.6783574819564819,
      0.6340133547782898,
      0.09018716961145401
    ],
    "eat": [
      0.1377643197774887,
      0.5202086567878723,
      0.7847093939781189,
      0.12962345778942108,
      0.2352747619152069,
      0.42777687311172485,
      0.44550225138664246,
      0.22442738711833954,
      0.12340494245290756
    ],
    "drink": [
      0.19469302892684937,
      0.7307229042053223,
      0.8622010946273804,
      0.10340629518032074,
      0.10926192998886108,
      0.4488019347190857,
      0.4567267596721649,
      0.25078219175338745,
      0.3099689781665802
    ],
    "red": [
      0.4893011450767517,
      0.280062198638916,
      0.6130144000053406,
      0.48598992824554443,
      0.27211058139801025,
      0.7741347551345825,
      0.15995950996875763,
      0.4065656065940857,
      0.08064399659633636
    ],
    "blue": [
      0.5178418159484863,
      0.23129905760288239,
      0.5792859196662903,
      0.49676069617271423,
      0.322918564081192,
      0.7409006357192993,
      0.16099965572357178,
      0.4098251163959503,
      0.06370352953672409
    ],
    "green": [
      0.33181530237197876,
      0.24702420830726624,
      0.5280815958976746,
      0.44719889760017395,
      0.3001549243927002,
      0.736641526222229,
      0.15161071717739105,
      0.5046019554138184,
      0.09013649076223373
    ],
    "black": [
      0.5321962237358093,
      0.3476238250732422,
      0.6965616345405579,
      0.4904579222202301,
      0.3202528655529022,
      0.8708009123802185,
      0.3240692913532257,
      0.284275084733963,
      0.0950326919555664
    ],
    "white": [
      0.48742106556892395,
      0.2938547432422638,
      0.6809492111206055,
      0.4026961326599121,
      0.27926915884017944,
      0.8827283382415771,
      0.20922289788722992,
      0.31463319063186646,
      0.06471408903598785
    ],
    "one": [
      0.39874786138534546,
      0.3321479856967926,
      0.6468325853347778,
      0.34290847182273865,
      0.22590242326259613,
      0.26500046253204346,
      0.17799125611782074,
      0.6454094648361206,
      0.24621383845806122
    ],