step,recon_loss,contrastive_loss,variance_loss,covariance_loss,em_ema,contrastive_weight,lr
50,10.379379,0.108320,0.971250,0.000063,0.000000,0.000980,0.000007
100,10.299844,0.145771,0.972216,0.000054,0.000000,0.001980,0.000015
150,10.061400,0.214367,0.973595,0.000037,0.000000,0.002980,0.000022
