step,recon_loss,pred_loss,total_loss,lr
50,10.330359,10.328837,15.494017,0.000007
100,10.197204,10.191947,15.290549,0.000015
150,9.782976,9.776555,14.668043,0.000022
200,9.231917,9.228899,13.844858,0.000030
